<?xml version="1.0" encoding="UTF-8"?>
<consultacadastro:SERVICO_SAIDA 
xmlns:consultacadastro="http://caixa.gov.br/sicpf/consulta_cadastro" 
xmlns:sibar_base="http://caixa.gov.br/sibar">
 <sibar_base:HEADER>
  <VERSAO>02.00</VERSAO>
  <USUARIO_SERVICO>XXXXXXXX</USUARIO_SERVICO>
  <OPERACAO>CONSULTA_CADASTRO</OPERACAO>
  <SISTEMA_ORIGEM>SIXXX</SISTEMA_ORIGEM>
  <UNIDADE>7265</UNIDADE>
  <IDENTIFICADOR_ORIGEM> </IDENTIFICADOR_ORIGEM>
  <DATA_HORA>20150129181500</DATA_HORA>
 </sibar_base:HEADER>
 <COD_RETORNO>00</COD_RETORNO>
 <ORIGEM_RETORNO>BKD2MC</ORIGEM_RETORNO>
 <MSG_RETORNO></MSG_RETORNO>
 <DADOS>
  <CONTROLE_NEGOCIAL>
   <ORIGEM_RETORNO>SICPF</ORIGEM_RETORNO>
   <COD_RETORNO>11001</COD_RETORNO>
   <MSG_RETORNO>SQLCODE: 0</MSG_RETORNO>
  </CONTROLE_NEGOCIAL>
  <CONTRIBUINTE>
   <NOME>ILDA MARIA ALVES DOS SANTOS</NOME>
   <DATA_NASCIMENTO>22.12.1966</DATA_NASCIMENTO>
   <TITULO_ELEITOR>8536060663</TITULO_ELEITOR>
   <NOME_MAE>GERCINA ROSA MARTINS</NOME_MAE>
   <INDICADOR_SITUACAO>0</INDICADOR_SITUACAO>
  </CONTRIBUINTE>
 </DADOS>
</consultacadastro:SERVICO_SAIDA>