<?xml version="1.0" encoding="UTF-8"?>

<nssrv:SERVICO_ENTRADA
	xmlns:nssrv="http://caixa.gov.br/sicpf/consulta_cadastro"
	xmlns:sibar_base="http://caixa.gov.br/sibar"
	xmlns:xsi="http://www.w3.org/2001/XMLSchema-instance"
	xsi:schemaLocation="http://caixa.gov.br/sicpf/consulta_cadastro ../CONSULTA_CADASTRO.xsd ">
	
	<sibar_base:HEADER>
    	<VERSAO>02.00</VERSAO>
    	<USUARIO_SERVICO>XXXXXXXX</USUARIO_SERVICO>    
    	<OPERACAO>CONSULTA_CADASTRO</OPERACAO>
        <SISTEMA_ORIGEM>SIXXX</SISTEMA_ORIGEM>
    	<UNIDADE>7265</UNIDADE>
    	<IDENTIFICADOR_ORIGEM> </IDENTIFICADOR_ORIGEM>
    	<DATA_HORA>20150129181500</DATA_HORA>    	
  	</sibar_base:HEADER>
  
  	<DADOS>
  		<CPF>
    		<NUMERO>200145328</NUMERO>
    		<DV>08</DV>
    	</CPF>
  	</DADOS>
  	
</nssrv:SERVICO_ENTRADA>
